<?xml version="1.0" encoding="UTF-8"?>
<wsdl:definitions xmlns:wsdl="http://schemas.xmlsoap.org/wsdl/" xmlns:ns1="http://org.apache.axis2/xsd" xmlns:ns="http://Assignment7" xmlns:wsaw="http://www.w3.org/2006/05/addressing/wsdl" xmlns:http="http://schemas.xmlsoap.org/wsdl/http/" xmlns:xs="http://www.w3.org/2001/XMLSchema" xmlns:mime="http://schemas.xmlsoap.org/wsdl/mime/" xmlns:soap="http://schemas.xmlsoap.org/wsdl/soap/" xmlns:soap12="http://schemas.xmlsoap.org/wsdl/soap12/" targetNamespace="http://Assignment7">
    <wsdl:documentation>Dictionary</wsdl:documentation>
    <wsdl:types>
        <xs:schema attributeFormDefault="qualified" elementFormDefault="qualified" targetNamespace="http://Assignment7">
            <xs:element name="getWordInfo">
                <xs:complexType>
                    <xs:sequence/>
                </xs:complexType>
            </xs:element>
            <xs:element name="getWordInfoResponse">
                <xs:complexType>
                    <xs:sequence>
                        <xs:element maxOccurs="unbounded" minOccurs="0" name="return" nillable="true" type="xs:string"/>
                    </xs:sequence>
                </xs:complexType>
            </xs:element>
            <xs:element name="addWord">
                <xs:complexType>
                    <xs:sequence>
                        <xs:element minOccurs="0" name="id" nillable="true" type="xs:string"/>
                        <xs:element minOccurs="0" name="description" nillable="true" type="xs:string"/>
                        <xs:element minOccurs="0" name="uri" nillable="true" type="xs:string"/>
                    </xs:sequence>
                </xs:complexType>
            </xs:element>
            <xs:element name="addWordResponse">
                <xs:complexType>
                    <xs:sequence>
                        <xs:element minOccurs="0" name="return" type="xs:int"/>
                    </xs:sequence>
                </xs:complexType>
            </xs:element>
        </xs:schema>
    </wsdl:types>
    <wsdl:message name="getWordInfoRequest">
        <wsdl:part name="parameters" element="ns:getWordInfo"/>
    </wsdl:message>
    <wsdl:message name="getWordInfoResponse">
        <wsdl:part name="parameters" element="ns:getWordInfoResponse"/>
    </wsdl:message>
    <wsdl:message name="addWordRequest">
        <wsdl:part name="parameters" element="ns:addWord"/>
    </wsdl:message>
    <wsdl:message name="addWordResponse">
        <wsdl:part name="parameters" element="ns:addWordResponse"/>
    </wsdl:message>
    <wsdl:portType name="DictionaryPortType">
        <wsdl:operation name="getWordInfo">
            <wsdl:input message="ns:getWordInfoRequest" wsaw:Action="urn:getWordInfo"/>
            <wsdl:output message="ns:getWordInfoResponse" wsaw:Action="urn:getWordInfoResponse"/>
        </wsdl:operation>
        <wsdl:operation name="addWord">
            <wsdl:input message="ns:addWordRequest" wsaw:Action="urn:addWord"/>
            <wsdl:output message="ns:addWordResponse" wsaw:Action="urn:addWordResponse"/>
        </wsdl:operation>
    </wsdl:portType>
    <wsdl:binding name="DictionarySoap11Binding" type="ns:DictionaryPortType">
        <soap:binding transport="http://schemas.xmlsoap.org/soap/http" style="document"/>
        <wsdl:operation name="getWordInfo">
            <soap:operation soapAction="urn:getWordInfo" style="document"/>
            <wsdl:input>
                <soap:body use="literal"/>
            </wsdl:input>
            <wsdl:output>
                <soap:body use="literal"/>
            </wsdl:output>
        </wsdl:operation>
        <wsdl:operation name="addWord">
            <soap:operation soapAction="urn:addWord" style="document"/>
            <wsdl:input>
                <soap:body use="literal"/>
            </wsdl:input>
            <wsdl:output>
                <soap:body use="literal"/>
            </wsdl:output>
        </wsdl:operation>
    </wsdl:binding>
    <wsdl:binding name="DictionarySoap12Binding" type="ns:DictionaryPortType">
        <soap12:binding transport="http://schemas.xmlsoap.org/soap/http" style="document"/>
        <wsdl:operation name="getWordInfo">
            <soap12:operation soapAction="urn:getWordInfo" style="document"/>
            <wsdl:input>
                <soap12:body use="literal"/>
            </wsdl:input>
            <wsdl:output>
                <soap12:body use="literal"/>
            </wsdl:output>
        </wsdl:operation>
        <wsdl:operation name="addWord">
            <soap12:operation soapAction="urn:addWord" style="document"/>
            <wsdl:input>
                <soap12:body use="literal"/>
            </wsdl:input>
            <wsdl:output>
                <soap12:body use="literal"/>
            </wsdl:output>
        </wsdl:operation>
    </wsdl:binding>
    <wsdl:binding name="DictionaryHttpBinding" type="ns:DictionaryPortType">
        <http:binding verb="POST"/>
        <wsdl:operation name="getWordInfo">
            <http:operation location="getWordInfo"/>
            <wsdl:input>
                <mime:content type="application/xml" part="parameters"/>
            </wsdl:input>
            <wsdl:output>
                <mime:content type="application/xml" part="parameters"/>
            </wsdl:output>
        </wsdl:operation>
        <wsdl:operation name="addWord">
            <http:operation location="addWord"/>
            <wsdl:input>
                <mime:content type="application/xml" part="parameters"/>
            </wsdl:input>
            <wsdl:output>
                <mime:content type="application/xml" part="parameters"/>
            </wsdl:output>
        </wsdl:operation>
    </wsdl:binding>
    <wsdl:service name="Dictionary">
        <wsdl:port name="DictionaryHttpSoap11Endpoint" binding="ns:DictionarySoap11Binding">
            <soap:address location="http://106.187.96.123:8080/axis2/services/Dictionary.DictionaryHttpSoap11Endpoint/"/>
        </wsdl:port>
        <wsdl:port name="DictionaryHttpSoap12Endpoint" binding="ns:DictionarySoap12Binding">
            <soap12:address location="http://106.187.96.123:8080/axis2/services/Dictionary.DictionaryHttpSoap12Endpoint/"/>
        </wsdl:port>
        <wsdl:port name="DictionaryHttpEndpoint" binding="ns:DictionaryHttpBinding">
            <http:address location="http://106.187.96.123:8080/axis2/services/Dictionary.DictionaryHttpEndpoint/"/>
        </wsdl:port>
    </wsdl:service>
</wsdl:definitions>
